User id,Song_id,Listen_count
b80344d063b5ccb3212f76538f3d9e43d87dca9e,S1,272
b80344d063b5ccb3212f76538f3d9e43d87dca9e,S2,130
b80344d063b5ccb3212f76538f3d9e43d87dca9e,S3,120
b80344d063b5ccb3212f76538f3d9e43d87dca9e,S4,105
b80344d063b5ccb3212f76538f3d9e43d87dca9e,S5,94
b80344d063b5ccb3212f76538f3d9e43d87dca9e,S6,87
b80344d063b5ccb3212f76538f3d9e43d87dca9e,S7,82
b80344d063b5ccb3212f76538f3d9e43d87dca9e,S8,77
b80344d063b5ccb3212f76538f3d9e43d87dca9e,S9,53
b80344d063b5ccb3212f76538f3d9e43d87dca9e,S10,48
b80344d063b5ccb3212f76538f3d9e43d87dca9e,S11,42
b80344d063b5ccb3212f76538f3d9e43d87dca9e,S12,35
b80344d063b5ccb3212f76538f3d9e43d87dca9e,S13,33
b80344d063b5ccb3212f76538f3d9e43d87dca9e,S14,32
b80344d063b5ccb3212f76538f3d9e43d87dca9e,S15,31
b80344d063b5ccb3212f76538f3d9e43d87dca9e,S16,30
b80344d063b5ccb3212f76538f3d9e43d87dca9e,S17,24
b80344d063b5ccb3212f76538f3d9e43d87dca9e,S18,23
b80344d063b5ccb3212f76538f3d9e43d87dca9e,S19,21
b80344d063b5ccb3212f76538f3d9e43d87dca9e,S20,20
b80344d063b5ccb3212f76538f3d9e43d87dca9e,S21,20
b80344d063b5ccb3212f76538f3d9e43d87dca9e,S22,19
b80344d063b5ccb3212f76538f3d9e43d87dca9e,S23,18
b80344d063b5ccb3212f76538f3d9e43d87dca9e,S24,17
b80344d063b5ccb3212f76538f3d9e43d87dca9e,S25,16
b80344d063b5ccb3212f76538f3d9e43d87dca9e,S26,16
b80344d063b5ccb3212f76538f3d9e43d87dca9e,S27,16
b80344d063b5ccb3212f76538f3d9e43d87dca9e,S28,16
b80344d063b5ccb3212f76538f3d9e43d87dca9e,S29,16
b80344d063b5ccb3212f76538f3d9e43d87dca9e,S30,16
b80344d063b5ccb3212f76538f3d9e43d87dca9e,S31,15
b80344d063b5ccb3212f76538f3d9e43d87dca9e,S32,14
b80344d063b5ccb3212f76538f3d9e43d87dca9e,S33,14
b80344d063b5ccb3212f76538f3d9e43d87dca9e,S34,14
b80344d063b5ccb3212f76538f3d9e43d87dca9e,S35,14
b80344d063b5ccb3212f76538f3d9e43d87dca9e,S36,13
b80344d063b5ccb3212f76538f3d9e43d87dca9e,S37,13
b80344d063b5ccb3212f76538f3d9e43d87dca9e,S38,13
b80344d063b5ccb3212f76538f3d9e43d87dca9e,S39,12
b80344d063b5ccb3212f76538f3d9e43d87dca9e,S40,12
b80344d063b5ccb3212f76538f3d9e43d87dca9e,S41,12
b80344d063b5ccb3212f76538f3d9e43d87dca9e,S42,12
b80344d063b5ccb3212f76538f3d9e43d87dca9e,S43,12
b80344d063b5ccb3212f76538f3d9e43d87dca9e,S44,11
b80344d063b5ccb3212f76538f3d9e43d87dca9e,S45,11
85c1f87fea955d09b4bec2e36aee110927aedf9a,S46,10
bd4c6e843f00bd476847fb75c47b4fb430a06856,S47,10
bd4c6e843f00bd476847fb75c47b4fb430a06856,S48,10
bd4c6e843f00bd476847fb75c47b4fb430a06856,S49,10
bd4c6e843f00bd476847fb75c47b4fb430a06856,S50,9
bd4c6e843f00bd476847fb75c47b4fb430a06856,S51,9
bd4c6e843f00bd476847fb75c47b4fb430a06856,S52,9
bd4c6e843f00bd476847fb75c47b4fb430a06856,S53,9
bd4c6e843f00bd476847fb75c47b4fb430a06856,S54,9
8937134734f869debcab8f23d77465b4caaa85df,S55,8
8937134734f869debcab8f23d77465b4caaa85df,S56,8
969cc6fb74e076a68e36a04409cb9d3765757508,S57,8
969cc6fb74e076a68e36a04409cb9d3765757508,S58,8
969cc6fb74e076a68e36a04409cb9d3765757508,S59,8
969cc6fb74e076a68e36a04409cb9d3765757508,S60,8
969cc6fb74e076a68e36a04409cb9d3765757508,S61,8
969cc6fb74e076a68e36a04409cb9d3765757508,S62,8
969cc6fb74e076a68e36a04409cb9d3765757508,S63,7
969cc6fb74e076a68e36a04409cb9d3765757508,S64,7
969cc6fb74e076a68e36a04409cb9d3765757508,S65,7
969cc6fb74e076a68e36a04409cb9d3765757508,S66,7
969cc6fb74e076a68e36a04409cb9d3765757508,S67,7
969cc6fb74e076a68e36a04409cb9d3765757508,S68,7
969cc6fb74e076a68e36a04409cb9d3765757508,S69,7
969cc6fb74e076a68e36a04409cb9d3765757508,S70,7
969cc6fb74e076a68e36a04409cb9d3765757508,S71,7
969cc6fb74e076a68e36a04409cb9d3765757508,S72,7
969cc6fb74e076a68e36a04409cb9d3765757508,S73,6
969cc6fb74e076a68e36a04409cb9d3765757508,S74,6
969cc6fb74e076a68e36a04409cb9d3765757508,S75,6
4bd88bfb25263a75bbdd467e74018f4ae570e5df,S76,6
4bd88bfb25263a75bbdd467e74018f4ae570e5df,S77,6
4bd88bfb25263a75bbdd467e74018f4ae570e5df,S78,6
4bd88bfb25263a75bbdd467e74018f4ae570e5df,S79,6
4bd88bfb25263a75bbdd467e74018f4ae570e5df,S80,6
4bd88bfb25263a75bbdd467e74018f4ae570e5df,S81,6
4bd88bfb25263a75bbdd467e74018f4ae570e5df,S82,6
4bd88bfb25263a75bbdd467e74018f4ae570e5df,S83,6
4bd88bfb25263a75bbdd467e74018f4ae570e5df,S84,6
4bd88bfb25263a75bbdd467e74018f4ae570e5df,S85,6
4bd88bfb25263a75bbdd467e74018f4ae570e5df,S86,6
4bd88bfb25263a75bbdd467e74018f4ae570e5df,S87,5
4bd88bfb25263a75bbdd467e74018f4ae570e5df,S88,5
e006b1a48f466bf59feefed32bec6494495a4436,S89,5
e006b1a48f466bf59feefed32bec6494495a4436,S90,5
e006b1a48f466bf59feefed32bec6494495a4436,S91,5
e006b1a48f466bf59feefed32bec6494495a4436,S92,5
e006b1a48f466bf59feefed32bec6494495a4436,S93,5
e006b1a48f466bf59feefed32bec6494495a4436,S94,5
e006b1a48f466bf59feefed32bec6494495a4436,S95,5
e006b1a48f466bf59feefed32bec6494495a4436,S96,5
e006b1a48f466bf59feefed32bec6494495a4436,S97,5
e006b1a48f466bf59feefed32bec6494495a4436,S98,5
e006b1a48f466bf59feefed32bec6494495a4436,S99,5
e006b1a48f466bf59feefed32bec6494495a4436,S100,5
e006b1a48f466bf59feefed32bec6494495a4436,S101,5
e006b1a48f466bf59feefed32bec6494495a4436,S102,5
e006b1a48f466bf59feefed32bec6494495a4436,S103,5
e006b1a48f466bf59feefed32bec6494495a4436,S104,4
e006b1a48f466bf59feefed32bec6494495a4436,S105,4
e006b1a48f466bf59feefed32bec6494495a4436,S106,4
e006b1a48f466bf59feefed32bec6494495a4436,S107,4
e006b1a48f466bf59feefed32bec6494495a4436,S108,4
e006b1a48f466bf59feefed32bec6494495a4436,S109,4
e006b1a48f466bf59feefed32bec6494495a4436,S110,4
e006b1a48f466bf59feefed32bec6494495a4436,S111,4
e006b1a48f466bf59feefed32bec6494495a4436,S112,4
e006b1a48f466bf59feefed32bec6494495a4436,S113,4
9d6f0ead607ac2a6c2460e4d14fb439a146b7dec,S114,4
9d6f0ead607ac2a6c2460e4d14fb439a146b7dec,S115,4
9d6f0ead607ac2a6c2460e4d14fb439a146b7dec,S116,4
9d6f0ead607ac2a6c2460e4d14fb439a146b7dec,S117,4
9d6f0ead607ac2a6c2460e4d14fb439a146b7dec,S118,4
9d6f0ead607ac2a6c2460e4d14fb439a146b7dec,S119,4
9d6f0ead607ac2a6c2460e4d14fb439a146b7dec,S120,4
9d6f0ead607ac2a6c2460e4d14fb439a146b7dec,S121,4
9d6f0ead607ac2a6c2460e4d14fb439a146b7dec,S122,4
9d6f0ead607ac2a6c2460e4d14fb439a146b7dec,S123,4
9d6f0ead607ac2a6c2460e4d14fb439a146b7dec,S124,4
9bb911319fbc04f01755814cb5edb21df3d1a336,S125,4
9bb911319fbc04f01755814cb5edb21df3d1a336,S126,4
9bb911319fbc04f01755814cb5edb21df3d1a336,S127,4
9bb911319fbc04f01755814cb5edb21df3d1a336,S128,4
9bb911319fbc04f01755814cb5edb21df3d1a336,S129,4
9bb911319fbc04f01755814cb5edb21df3d1a336,S130,4
b64cdd1a0bd907e5e00b39e345194768e330d652,S131,4
b64cdd1a0bd907e5e00b39e345194768e330d652,S132,4
b64cdd1a0bd907e5e00b39e345194768e330d652,S133,4
b64cdd1a0bd907e5e00b39e345194768e330d652,S134,4
b64cdd1a0bd907e5e00b39e345194768e330d652,S135,4
b64cdd1a0bd907e5e00b39e345194768e330d652,S136,4
b64cdd1a0bd907e5e00b39e345194768e330d652,S137,4
b64cdd1a0bd907e5e00b39e345194768e330d652,S138,4
b64cdd1a0bd907e5e00b39e345194768e330d652,S139,4
b64cdd1a0bd907e5e00b39e345194768e330d652,S140,4
b64cdd1a0bd907e5e00b39e345194768e330d652,S141,4
b64cdd1a0bd907e5e00b39e345194768e330d652,S142,4
b64cdd1a0bd907e5e00b39e345194768e330d652,S143,4
b64cdd1a0bd907e5e00b39e345194768e330d652,S144,4
b64cdd1a0bd907e5e00b39e345194768e330d652,S145,3
b64cdd1a0bd907e5e00b39e345194768e330d652,S146,3
b64cdd1a0bd907e5e00b39e345194768e330d652,S147,3
b64cdd1a0bd907e5e00b39e345194768e330d652,S148,3
b64cdd1a0bd907e5e00b39e345194768e330d652,S149,3
b64cdd1a0bd907e5e00b39e345194768e330d652,S150,3
b64cdd1a0bd907e5e00b39e345194768e330d652,S151,3
b64cdd1a0bd907e5e00b39e345194768e330d652,S152,3
b64cdd1a0bd907e5e00b39e345194768e330d652,S153,3
b64cdd1a0bd907e5e00b39e345194768e330d652,S154,3
b64cdd1a0bd907e5e00b39e345194768e330d652,S155,3
b64cdd1a0bd907e5e00b39e345194768e330d652,S156,3
b64cdd1a0bd907e5e00b39e345194768e330d652,S157,3
b64cdd1a0bd907e5e00b39e345194768e330d652,S158,3
b64cdd1a0bd907e5e00b39e345194768e330d652,S159,3
b64cdd1a0bd907e5e00b39e345194768e330d652,S160,3
b64cdd1a0bd907e5e00b39e345194768e330d652,S161,3
b64cdd1a0bd907e5e00b39e345194768e330d652,S162,3
b64cdd1a0bd907e5e00b39e345194768e330d652,S163,3
b64cdd1a0bd907e5e00b39e345194768e330d652,S164,3
b64cdd1a0bd907e5e00b39e345194768e330d652,S165,3
b64cdd1a0bd907e5e00b39e345194768e330d652,S166,3
b64cdd1a0bd907e5e00b39e345194768e330d652,S167,3
b64cdd1a0bd907e5e00b39e345194768e330d652,S168,3
b64cdd1a0bd907e5e00b39e345194768e330d652,S169,3
b64cdd1a0bd907e5e00b39e345194768e330d652,S170,3
b64cdd1a0bd907e5e00b39e345194768e330d652,S171,3
b64cdd1a0bd907e5e00b39e345194768e330d652,S172,3
b64cdd1a0bd907e5e00b39e345194768e330d652,S173,3
b64cdd1a0bd907e5e00b39e345194768e330d652,S174,3
b64cdd1a0bd907e5e00b39e345194768e330d652,S175,3
b64cdd1a0bd907e5e00b39e345194768e330d652,S176,3
b64cdd1a0bd907e5e00b39e345194768e330d652,S177,3
b64cdd1a0bd907e5e00b39e345194768e330d652,S178,3
b64cdd1a0bd907e5e00b39e345194768e330d652,S179,2
b64cdd1a0bd907e5e00b39e345194768e330d652,S180,2
b64cdd1a0bd907e5e00b39e345194768e330d652,S181,2
b64cdd1a0bd907e5e00b39e345194768e330d652,S182,2
b64cdd1a0bd907e5e00b39e345194768e330d652,S183,2
b64cdd1a0bd907e5e00b39e345194768e330d652,S184,2
b64cdd1a0bd907e5e00b39e345194768e330d652,S185,2
b64cdd1a0bd907e5e00b39e345194768e330d652,S186,2
b64cdd1a0bd907e5e00b39e345194768e330d652,S187,2
b64cdd1a0bd907e5e00b39e345194768e330d652,S188,2
b64cdd1a0bd907e5e00b39e345194768e330d652,S189,2
b64cdd1a0bd907e5e00b39e345194768e330d652,S190,2
b64cdd1a0bd907e5e00b39e345194768e330d652,S191,2
b64cdd1a0bd907e5e00b39e345194768e330d652,S192,2
b64cdd1a0bd907e5e00b39e345194768e330d652,S193,2
b64cdd1a0bd907e5e00b39e345194768e330d652,S194,2
b64cdd1a0bd907e5e00b39e345194768e330d652,S195,2
b64cdd1a0bd907e5e00b39e345194768e330d652,S196,2
17aa9f6dbdf753831da8f38c71b66b64373de613,S197,2
17aa9f6dbdf753831da8f38c71b66b64373de613,S198,2
17aa9f6dbdf753831da8f38c71b66b64373de613,S199,2
17aa9f6dbdf753831da8f38c71b66b64373de613,S200,2
17aa9f6dbdf753831da8f38c71b66b64373de613,S201,2
17aa9f6dbdf753831da8f38c71b66b64373de613,S202,2
17aa9f6dbdf753831da8f38c71b66b64373de613,S203,2
17aa9f6dbdf753831da8f38c71b66b64373de613,S204,2
17aa9f6dbdf753831da8f38c71b66b64373de613,S205,2
17aa9f6dbdf753831da8f38c71b66b64373de613,S206,2
17aa9f6dbdf753831da8f38c71b66b64373de613,S207,2
17aa9f6dbdf753831da8f38c71b66b64373de613,S208,2
17aa9f6dbdf753831da8f38c71b66b64373de613,S209,2
17aa9f6dbdf753831da8f38c71b66b64373de613,S210,2
17aa9f6dbdf753831da8f38c71b66b64373de613,S211,2
17aa9f6dbdf753831da8f38c71b66b64373de613,S212,2
17aa9f6dbdf753831da8f38c71b66b64373de613,S213,2
17aa9f6dbdf753831da8f38c71b66b64373de613,S214,2
17aa9f6dbdf753831da8f38c71b66b64373de613,S215,2
17aa9f6dbdf753831da8f38c71b66b64373de613,S216,2
17aa9f6dbdf753831da8f38c71b66b64373de613,S217,2
17aa9f6dbdf753831da8f38c71b66b64373de613,S218,2
17aa9f6dbdf753831da8f38c71b66b64373de613,S219,2
17aa9f6dbdf753831da8f38c71b66b64373de613,S220,2
17aa9f6dbdf753831da8f38c71b66b64373de613,S221,2
17aa9f6dbdf753831da8f38c71b66b64373de613,S222,2
17aa9f6dbdf753831da8f38c71b66b64373de613,S223,2
17aa9f6dbdf753831da8f38c71b66b64373de613,S224,2
17aa9f6dbdf753831da8f38c71b66b64373de613,S225,2
17aa9f6dbdf753831da8f38c71b66b64373de613,S226,2
17aa9f6dbdf753831da8f38c71b66b64373de613,S227,2
17aa9f6dbdf753831da8f38c71b66b64373de613,S228,2
17aa9f6dbdf753831da8f38c71b66b64373de613,S229,2
17aa9f6dbdf753831da8f38c71b66b64373de613,S230,2
17aa9f6dbdf753831da8f38c71b66b64373de613,S231,2
17aa9f6dbdf753831da8f38c71b66b64373de613,S232,2
17aa9f6dbdf753831da8f38c71b66b64373de613,S233,2
17aa9f6dbdf753831da8f38c71b66b64373de613,S234,2
17aa9f6dbdf753831da8f38c71b66b64373de613,S235,2
17aa9f6dbdf753831da8f38c71b66b64373de613,S236,2
17aa9f6dbdf753831da8f38c71b66b64373de613,S237,2
17aa9f6dbdf753831da8f38c71b66b64373de613,S238,2
17aa9f6dbdf753831da8f38c71b66b64373de613,S239,2
17aa9f6dbdf753831da8f38c71b66b64373de613,S240,2
17aa9f6dbdf753831da8f38c71b66b64373de613,S241,2
17aa9f6dbdf753831da8f38c71b66b64373de613,S242,2
17aa9f6dbdf753831da8f38c71b66b64373de613,S243,2
17aa9f6dbdf753831da8f38c71b66b64373de613,S244,1
17aa9f6dbdf753831da8f38c71b66b64373de613,S245,1
17aa9f6dbdf753831da8f38c71b66b64373de613,S246,1
17aa9f6dbdf753831da8f38c71b66b64373de613,S247,1
17aa9f6dbdf753831da8f38c71b66b64373de613,S248,1
17aa9f6dbdf753831da8f38c71b66b64373de613,S249,1
17aa9f6dbdf753831da8f38c71b66b64373de613,S250,1
17aa9f6dbdf753831da8f38c71b66b64373de613,S251,1
17aa9f6dbdf753831da8f38c71b66b64373de613,S252,1
17aa9f6dbdf753831da8f38c71b66b64373de613,S253,1
17aa9f6dbdf753831da8f38c71b66b64373de613,S254,1
17aa9f6dbdf753831da8f38c71b66b64373de613,S255,1
17aa9f6dbdf753831da8f38c71b66b64373de613,S256,1
17aa9f6dbdf753831da8f38c71b66b64373de613,S257,1
17aa9f6dbdf753831da8f38c71b66b64373de613,S258,1
17aa9f6dbdf753831da8f38c71b66b64373de613,S259,1
17aa9f6dbdf753831da8f38c71b66b64373de613,S260,1
17aa9f6dbdf753831da8f38c71b66b64373de613,S261,1
17aa9f6dbdf753831da8f38c71b66b64373de613,S262,1
17aa9f6dbdf753831da8f38c71b66b64373de613,S263,1
17aa9f6dbdf753831da8f38c71b66b64373de613,S264,1
17aa9f6dbdf753831da8f38c71b66b64373de613,S265,1
17aa9f6dbdf753831da8f38c71b66b64373de613,S266,1
17aa9f6dbdf753831da8f38c71b66b64373de613,S267,1
17aa9f6dbdf753831da8f38c71b66b64373de613,S268,1
17aa9f6dbdf753831da8f38c71b66b64373de613,S269,1
17aa9f6dbdf753831da8f38c71b66b64373de613,S270,1
17aa9f6dbdf753831da8f38c71b66b64373de613,S271,1
17aa9f6dbdf753831da8f38c71b66b64373de613,S272,1
17aa9f6dbdf753831da8f38c71b66b64373de613,S273,1
17aa9f6dbdf753831da8f38c71b66b64373de613,S274,1
17aa9f6dbdf753831da8f38c71b66b64373de613,S275,1
17aa9f6dbdf753831da8f38c71b66b64373de613,S276,1
17aa9f6dbdf753831da8f38c71b66b64373de613,S277,1
17aa9f6dbdf753831da8f38c71b66b64373de613,S278,1
17aa9f6dbdf753831da8f38c71b66b64373de613,S279,1
17aa9f6dbdf753831da8f38c71b66b64373de613,S280,1
17aa9f6dbdf753831da8f38c71b66b64373de613,S281,1
17aa9f6dbdf753831da8f38c71b66b64373de613,S283,1
17aa9f6dbdf753831da8f38c71b66b64373de613,S284,1
17aa9f6dbdf753831da8f38c71b66b64373de613,S285,1
17aa9f6dbdf753831da8f38c71b66b64373de613,S286,1
17aa9f6dbdf753831da8f38c71b66b64373de613,S287,1
17aa9f6dbdf753831da8f38c71b66b64373de613,S288,1
17aa9f6dbdf753831da8f38c71b66b64373de613,S289,1
17aa9f6dbdf753831da8f38c71b66b64373de613,S290,1
17aa9f6dbdf753831da8f38c71b66b64373de613,S291,1
17aa9f6dbdf753831da8f38c71b66b64373de613,S292,1
17aa9f6dbdf753831da8f38c71b66b64373de613,S293,1
17aa9f6dbdf753831da8f38c71b66b64373de613,S294,1
17aa9f6dbdf753831da8f38c71b66b64373de613,S295,1
17aa9f6dbdf753831da8f38c71b66b64373de613,S296,1
17aa9f6dbdf753831da8f38c71b66b64373de613,S297,1
17aa9f6dbdf753831da8f38c71b66b64373de613,S298,1
17aa9f6dbdf753831da8f38c71b66b64373de613,S299,1
d6589314c0a9bcbca4fee0c93b14bc402363afea,S300,1
d6589314c0a9bcbca4fee0c93b14bc402363afea,S301,1
d6589314c0a9bcbca4fee0c93b14bc402363afea,S302,1
d6589314c0a9bcbca4fee0c93b14bc402363afea,S303,1
d6589314c0a9bcbca4fee0c93b14bc402363afea,S304,1
d6589314c0a9bcbca4fee0c93b14bc402363afea,S305,1
d6589314c0a9bcbca4fee0c93b14bc402363afea,S306,1
d6589314c0a9bcbca4fee0c93b14bc402363afea,S307,1
d6589314c0a9bcbca4fee0c93b14bc402363afea,S308,1
d6589314c0a9bcbca4fee0c93b14bc402363afea,S309,1
d6589314c0a9bcbca4fee0c93b14bc402363afea,S311,1
d6589314c0a9bcbca4fee0c93b14bc402363afea,S312,1
d6589314c0a9bcbca4fee0c93b14bc402363afea,S313,1
d6589314c0a9bcbca4fee0c93b14bc402363afea,S314,1
d6589314c0a9bcbca4fee0c93b14bc402363afea,S315,1
d6589314c0a9bcbca4fee0c93b14bc402363afea,S316,1
d6589314c0a9bcbca4fee0c93b14bc402363afea,S318,1
d6589314c0a9bcbca4fee0c93b14bc402363afea,S319,1
d6589314c0a9bcbca4fee0c93b14bc402363afea,S320,1
d6589314c0a9bcbca4fee0c93b14bc402363afea,S321,1
d6589314c0a9bcbca4fee0c93b14bc402363afea,S322,1
d6589314c0a9bcbca4fee0c93b14bc402363afea,S323,1
d6589314c0a9bcbca4fee0c93b14bc402363afea,S324,1
d6589314c0a9bcbca4fee0c93b14bc402363afea,S325,1
d6589314c0a9bcbca4fee0c93b14bc402363afea,S326,1
d6589314c0a9bcbca4fee0c93b14bc402363afea,S327,1
d6589314c0a9bcbca4fee0c93b14bc402363afea,S328,1
d6589314c0a9bcbca4fee0c93b14bc402363afea,S329,1
d6589314c0a9bcbca4fee0c93b14bc402363afea,S330,1
d6589314c0a9bcbca4fee0c93b14bc402363afea,S331,1
d6589314c0a9bcbca4fee0c93b14bc402363afea,S332,1
d6589314c0a9bcbca4fee0c93b14bc402363afea,S333,1
d6589314c0a9bcbca4fee0c93b14bc402363afea,S334,1
d6589314c0a9bcbca4fee0c93b14bc402363afea,S335,1
d6589314c0a9bcbca4fee0c93b14bc402363afea,S338,1
d6589314c0a9bcbca4fee0c93b14bc402363afea,S339,1
d6589314c0a9bcbca4fee0c93b14bc402363afea,S340,1
d6589314c0a9bcbca4fee0c93b14bc402363afea,S341,1
d6589314c0a9bcbca4fee0c93b14bc402363afea,S342,1
d6589314c0a9bcbca4fee0c93b14bc402363afea,S343,1
d6589314c0a9bcbca4fee0c93b14bc402363afea,S344,1
d6589314c0a9bcbca4fee0c93b14bc402363afea,S345,1
d6589314c0a9bcbca4fee0c93b14bc402363afea,S346,1
d6589314c0a9bcbca4fee0c93b14bc402363afea,S347,1
d6589314c0a9bcbca4fee0c93b14bc402363afea,S348,1
d6589314c0a9bcbca4fee0c93b14bc402363afea,S349,1
d6589314c0a9bcbca4fee0c93b14bc402363afea,S350,80
d6589314c0a9bcbca4fee0c93b14bc402363afea,S351,58
5a905f000fc1ff3df7ca807d57edb608863db05d,S352,52
5a905f000fc1ff3df7ca807d57edb608863db05d,S353,50
5a905f000fc1ff3df7ca807d57edb608863db05d,S354,40
5a905f000fc1ff3df7ca807d57edb608863db05d,S355,29
5a905f000fc1ff3df7ca807d57edb608863db05d,S356,29
5a905f000fc1ff3df7ca807d57edb608863db05d,S357,20
5a905f000fc1ff3df7ca807d57edb608863db05d,S358,17
5a905f000fc1ff3df7ca807d57edb608863db05d,S359,17
5a905f000fc1ff3df7ca807d57edb608863db05d,S360,15
5a905f000fc1ff3df7ca807d57edb608863db05d,S361,15
5a905f000fc1ff3df7ca807d57edb608863db05d,S362,15
5a905f000fc1ff3df7ca807d57edb608863db05d,S363,14
5a905f000fc1ff3df7ca807d57edb608863db05d,S364,14
5a905f000fc1ff3df7ca807d57edb608863db05d,S365,13
5a905f000fc1ff3df7ca807d57edb608863db05d,S366,13
5a905f000fc1ff3df7ca807d57edb608863db05d,S367,10
5a905f000fc1ff3df7ca807d57edb608863db05d,S368,9
5a905f000fc1ff3df7ca807d57edb608863db05d,S369,9
5a905f000fc1ff3df7ca807d57edb608863db05d,S370,9
5a905f000fc1ff3df7ca807d57edb608863db05d,S371,9
5a905f000fc1ff3df7ca807d57edb608863db05d,S372,9
5a905f000fc1ff3df7ca807d57edb608863db05d,S373,9
5a905f000fc1ff3df7ca807d57edb608863db05d,S374,9
5a905f000fc1ff3df7ca807d57edb608863db05d,S376,8
5a905f000fc1ff3df7ca807d57edb608863db05d,S377,8
5a905f000fc1ff3df7ca807d57edb608863db05d,S378,7
5a905f000fc1ff3df7ca807d57edb608863db05d,S379,7
5a905f000fc1ff3df7ca807d57edb608863db05d,S380,7
5a905f000fc1ff3df7ca807d57edb608863db05d,S381,7
5a905f000fc1ff3df7ca807d57edb608863db05d,S382,7
5a905f000fc1ff3df7ca807d57edb608863db05d,S383,7
5a905f000fc1ff3df7ca807d57edb608863db05d,S384,7
5a905f000fc1ff3df7ca807d57edb608863db05d,S385,7
5a905f000fc1ff3df7ca807d57edb608863db05d,S386,7
5a905f000fc1ff3df7ca807d57edb608863db05d,S387,7
5a905f000fc1ff3df7ca807d57edb608863db05d,S388,6
5a905f000fc1ff3df7ca807d57edb608863db05d,S389,6
5a905f000fc1ff3df7ca807d57edb608863db05d,S390,5
5a905f000fc1ff3df7ca807d57edb608863db05d,S391,5
5a905f000fc1ff3df7ca807d57edb608863db05d,S392,5
5a905f000fc1ff3df7ca807d57edb608863db05d,S393,5
5a905f000fc1ff3df7ca807d57edb608863db05d,S394,5
5a905f000fc1ff3df7ca807d57edb608863db05d,S395,5
5a905f000fc1ff3df7ca807d57edb608863db05d,S396,5
5a905f000fc1ff3df7ca807d57edb608863db05d,S397,4
5a905f000fc1ff3df7ca807d57edb608863db05d,S398,4
5a905f000fc1ff3df7ca807d57edb608863db05d,S399,4
5a905f000fc1ff3df7ca807d57edb608863db05d,S400,4
5a905f000fc1ff3df7ca807d57edb608863db05d,S401,4
5a905f000fc1ff3df7ca807d57edb608863db05d,S402,4
5a905f000fc1ff3df7ca807d57edb608863db05d,S403,4
5a905f000fc1ff3df7ca807d57edb608863db05d,S404,3
5a905f000fc1ff3df7ca807d57edb608863db05d,S405,3
5a905f000fc1ff3df7ca807d57edb608863db05d,S406,3
5a905f000fc1ff3df7ca807d57edb608863db05d,S407,3
5a905f000fc1ff3df7ca807d57edb608863db05d,S408,3
5a905f000fc1ff3df7ca807d57edb608863db05d,S409,3
5a905f000fc1ff3df7ca807d57edb608863db05d,S410,3
5a905f000fc1ff3df7ca807d57edb608863db05d,S411,3
5a905f000fc1ff3df7ca807d57edb608863db05d,S412,3
5a905f000fc1ff3df7ca807d57edb608863db05d,S413,3
5a905f000fc1ff3df7ca807d57edb608863db05d,S414,3
5a905f000fc1ff3df7ca807d57edb608863db05d,S415,3
5a905f000fc1ff3df7ca807d57edb608863db05d,S416,3
5a905f000fc1ff3df7ca807d57edb608863db05d,S417,2
5a905f000fc1ff3df7ca807d57edb608863db05d,S418,2
5a905f000fc1ff3df7ca807d57edb608863db05d,S419,2
5a905f000fc1ff3df7ca807d57edb608863db05d,S420,2
5a905f000fc1ff3df7ca807d57edb608863db05d,S421,2
5a905f000fc1ff3df7ca807d57edb608863db05d,S422,2
5a905f000fc1ff3df7ca807d57edb608863db05d,S423,2
5a905f000fc1ff3df7ca807d57edb608863db05d,S424,2
5a905f000fc1ff3df7ca807d57edb608863db05d,S425,2
5a905f000fc1ff3df7ca807d57edb608863db05d,S426,2
5a905f000fc1ff3df7ca807d57edb608863db05d,S427,2
5a905f000fc1ff3df7ca807d57edb608863db05d,S428,2
5a905f000fc1ff3df7ca807d57edb608863db05d,S429,2
5a905f000fc1ff3df7ca807d57edb608863db05d,S430,2
5a905f000fc1ff3df7ca807d57edb608863db05d,S431,2
5a905f000fc1ff3df7ca807d57edb608863db05d,S432,2
5a905f000fc1ff3df7ca807d57edb608863db05d,S433,2
5a905f000fc1ff3df7ca807d57edb608863db05d,S434,2
5a905f000fc1ff3df7ca807d57edb608863db05d,S435,2
5a905f000fc1ff3df7ca807d57edb608863db05d,S436,2
5a905f000fc1ff3df7ca807d57edb608863db05d,S437,2
5a905f000fc1ff3df7ca807d57edb608863db05d,S438,2
5a905f000fc1ff3df7ca807d57edb608863db05d,S439,2
5a905f000fc1ff3df7ca807d57edb608863db05d,S441,2
5a905f000fc1ff3df7ca807d57edb608863db05d,S442,1
5a905f000fc1ff3df7ca807d57edb608863db05d,S443,1
5a905f000fc1ff3df7ca807d57edb608863db05d,S444,1
5a905f000fc1ff3df7ca807d57edb608863db05d,S445,1
5a905f000fc1ff3df7ca807d57edb608863db05d,S446,1
5a905f000fc1ff3df7ca807d57edb608863db05d,S447,1
5a905f000fc1ff3df7ca807d57edb608863db05d,S448,1
5a905f000fc1ff3df7ca807d57edb608863db05d,S449,1
5a905f000fc1ff3df7ca807d57edb608863db05d,S450,1
5a905f000fc1ff3df7ca807d57edb608863db05d,S451,1
5a905f000fc1ff3df7ca807d57edb608863db05d,S453,1
5a905f000fc1ff3df7ca807d57edb608863db05d,S454,1
5a905f000fc1ff3df7ca807d57edb608863db05d,S455,1
5a905f000fc1ff3df7ca807d57edb608863db05d,S457,1
5a905f000fc1ff3df7ca807d57edb608863db05d,S458,1
5a905f000fc1ff3df7ca807d57edb608863db05d,S459,1
5a905f000fc1ff3df7ca807d57edb608863db05d,S460,1
5a905f000fc1ff3df7ca807d57edb608863db05d,S461,1
5a905f000fc1ff3df7ca807d57edb608863db05d,S462,1
5a905f000fc1ff3df7ca807d57edb608863db05d,S463,1
5a905f000fc1ff3df7ca807d57edb608863db05d,S465,1
5a905f000fc1ff3df7ca807d57edb608863db05d,S466,1
5a905f000fc1ff3df7ca807d57edb608863db05d,S467,1
5a905f000fc1ff3df7ca807d57edb608863db05d,S468,1
5a905f000fc1ff3df7ca807d57edb608863db05d,S469,1
5a905f000fc1ff3df7ca807d57edb608863db05d,S470,1
5a905f000fc1ff3df7ca807d57edb608863db05d,S471,1
5a905f000fc1ff3df7ca807d57edb608863db05d,S472,1
5a905f000fc1ff3df7ca807d57edb608863db05d,S473,1
5a905f000fc1ff3df7ca807d57edb608863db05d,S474,10
5a905f000fc1ff3df7ca807d57edb608863db05d,S475,6
5a905f000fc1ff3df7ca807d57edb608863db05d,S476,5
5a905f000fc1ff3df7ca807d57edb608863db05d,S477,5
5a905f000fc1ff3df7ca807d57edb608863db05d,S478,5
5a905f000fc1ff3df7ca807d57edb608863db05d,S479,4
5a905f000fc1ff3df7ca807d57edb608863db05d,S480,4
5a905f000fc1ff3df7ca807d57edb608863db05d,S481,4
5a905f000fc1ff3df7ca807d57edb608863db05d,S482,4
5a905f000fc1ff3df7ca807d57edb608863db05d,S483,3
5a905f000fc1ff3df7ca807d57edb608863db05d,S484,3
5a905f000fc1ff3df7ca807d57edb608863db05d,S485,3
5a905f000fc1ff3df7ca807d57edb608863db05d,S486,2
5a905f000fc1ff3df7ca807d57edb608863db05d,S487,2
5a905f000fc1ff3df7ca807d57edb608863db05d,S488,2
5a905f000fc1ff3df7ca807d57edb608863db05d,S489,2
5a905f000fc1ff3df7ca807d57edb608863db05d,S490,1
5a905f000fc1ff3df7ca807d57edb608863db05d,S491,1
5a905f000fc1ff3df7ca807d57edb608863db05d,S492,1
5a905f000fc1ff3df7ca807d57edb608863db05d,S493,1
5a905f000fc1ff3df7ca807d57edb608863db05d,S494,1
5a905f000fc1ff3df7ca807d57edb608863db05d,S495,1
5a905f000fc1ff3df7ca807d57edb608863db05d,S496,1
5a905f000fc1ff3df7ca807d57edb608863db05d,S497,1
5a905f000fc1ff3df7ca807d57edb608863db05d,S498,1
5a905f000fc1ff3df7ca807d57edb608863db05d,S499,1
5a905f000fc1ff3df7ca807d57edb608863db05d,S500,1
5a905f000fc1ff3df7ca807d57edb608863db05d,S501,1
5a905f000fc1ff3df7ca807d57edb608863db05d,S502,83
5a905f000fc1ff3df7ca807d57edb608863db05d,S503,58
5a905f000fc1ff3df7ca807d57edb608863db05d,S504,52
5a905f000fc1ff3df7ca807d57edb608863db05d,S505,49
5a905f000fc1ff3df7ca807d57edb608863db05d,S506,42
5a905f000fc1ff3df7ca807d57edb608863db05d,S507,38
5a905f000fc1ff3df7ca807d57edb608863db05d,S508,27
5a905f000fc1ff3df7ca807d57edb608863db05d,S509,26
5a905f000fc1ff3df7ca807d57edb608863db05d,S510,22
5a905f000fc1ff3df7ca807d57edb608863db05d,S511,21
5a905f000fc1ff3df7ca807d57edb608863db05d,S512,20
5a905f000fc1ff3df7ca807d57edb608863db05d,S513,18
5a905f000fc1ff3df7ca807d57edb608863db05d,S514,18
5a905f000fc1ff3df7ca807d57edb608863db05d,S515,18
5a905f000fc1ff3df7ca807d57edb608863db05d,S516,17
5a905f000fc1ff3df7ca807d57edb608863db05d,S517,17
5a905f000fc1ff3df7ca807d57edb608863db05d,S518,15
5a905f000fc1ff3df7ca807d57edb608863db05d,S519,14
5a905f000fc1ff3df7ca807d57edb608863db05d,S520,14
5a905f000fc1ff3df7ca807d57edb608863db05d,S521,13
5a905f000fc1ff3df7ca807d57edb608863db05d,S522,13
5a905f000fc1ff3df7ca807d57edb608863db05d,S523,12
5a905f000fc1ff3df7ca807d57edb608863db05d,S524,12
5a905f000fc1ff3df7ca807d57edb608863db05d,S525,12
5a905f000fc1ff3df7ca807d57edb608863db05d,S526,12
5a905f000fc1ff3df7ca807d57edb608863db05d,S527,11
5a905f000fc1ff3df7ca807d57edb608863db05d,S528,10
5a905f000fc1ff3df7ca807d57edb608863db05d,S529,9
5a905f000fc1ff3df7ca807d57edb608863db05d,S530,9
5a905f000fc1ff3df7ca807d57edb608863db05d,S531,9
5a905f000fc1ff3df7ca807d57edb608863db05d,S532,9
5a905f000fc1ff3df7ca807d57edb608863db05d,S533,9
5a905f000fc1ff3df7ca807d57edb608863db05d,S534,9
5a905f000fc1ff3df7ca807d57edb608863db05d,S535,9
5a905f000fc1ff3df7ca807d57edb608863db05d,S536,8
5a905f000fc1ff3df7ca807d57edb608863db05d,S537,8
5a905f000fc1ff3df7ca807d57edb608863db05d,S538,8
5a905f000fc1ff3df7ca807d57edb608863db05d,S539,7
5a905f000fc1ff3df7ca807d57edb608863db05d,S540,7
5a905f000fc1ff3df7ca807d57edb608863db05d,S541,7
5a905f000fc1ff3df7ca807d57edb608863db05d,S542,7
5a905f000fc1ff3df7ca807d57edb608863db05d,S543,7
5a905f000fc1ff3df7ca807d57edb608863db05d,S544,7
5a905f000fc1ff3df7ca807d57edb608863db05d,S545,7
5a905f000fc1ff3df7ca807d57edb608863db05d,S546,7
5a905f000fc1ff3df7ca807d57edb608863db05d,S547,7
5a905f000fc1ff3df7ca807d57edb608863db05d,S548,6
5a905f000fc1ff3df7ca807d57edb608863db05d,S549,6
5a905f000fc1ff3df7ca807d57edb608863db05d,S550,6
5a905f000fc1ff3df7ca807d57edb608863db05d,S551,6
5a905f000fc1ff3df7ca807d57edb608863db05d,S552,6
5a905f000fc1ff3df7ca807d57edb608863db05d,S553,6
5a905f000fc1ff3df7ca807d57edb608863db05d,S554,6
5a905f000fc1ff3df7ca807d57edb608863db05d,S556,5
5a905f000fc1ff3df7ca807d57edb608863db05d,S557,5
5a905f000fc1ff3df7ca807d57edb608863db05d,S558,5
5a905f000fc1ff3df7ca807d57edb608863db05d,S559,5
5a905f000fc1ff3df7ca807d57edb608863db05d,S560,5
5a905f000fc1ff3df7ca807d57edb608863db05d,S561,5
5a905f000fc1ff3df7ca807d57edb608863db05d,S562,5
5a905f000fc1ff3df7ca807d57edb608863db05d,S563,5
5a905f000fc1ff3df7ca807d57edb608863db05d,S564,4
5a905f000fc1ff3df7ca807d57edb608863db05d,S565,4
5a905f000fc1ff3df7ca807d57edb608863db05d,S566,4
5a905f000fc1ff3df7ca807d57edb608863db05d,S567,4
5a905f000fc1ff3df7ca807d57edb608863db05d,S568,4
5a905f000fc1ff3df7ca807d57edb608863db05d,S569,4
5a905f000fc1ff3df7ca807d57edb608863db05d,S570,4
5a905f000fc1ff3df7ca807d57edb608863db05d,S571,4
5a905f000fc1ff3df7ca807d57edb608863db05d,S572,4
5a905f000fc1ff3df7ca807d57edb608863db05d,S573,4
5a905f000fc1ff3df7ca807d57edb608863db05d,S574,4
5a905f000fc1ff3df7ca807d57edb608863db05d,S575,4
5a905f000fc1ff3df7ca807d57edb608863db05d,S576,4
5a905f000fc1ff3df7ca807d57edb608863db05d,S577,4
5a905f000fc1ff3df7ca807d57edb608863db05d,S578,4
5a905f000fc1ff3df7ca807d57edb608863db05d,S579,4
5a905f000fc1ff3df7ca807d57edb608863db05d,S580,4
5a905f000fc1ff3df7ca807d57edb608863db05d,S581,3
5a905f000fc1ff3df7ca807d57edb608863db05d,S582,3
5a905f000fc1ff3df7ca807d57edb608863db05d,S583,3
5a905f000fc1ff3df7ca807d57edb608863db05d,S584,3
5a905f000fc1ff3df7ca807d57edb608863db05d,S585,3
5a905f000fc1ff3df7ca807d57edb608863db05d,S586,3
5a905f000fc1ff3df7ca807d57edb608863db05d,S587,3
5a905f000fc1ff3df7ca807d57edb608863db05d,S588,3
5a905f000fc1ff3df7ca807d57edb608863db05d,S589,3
5a905f000fc1ff3df7ca807d57edb608863db05d,S590,3
5a905f000fc1ff3df7ca807d57edb608863db05d,S591,3
5a905f000fc1ff3df7ca807d57edb608863db05d,S592,3
5a905f000fc1ff3df7ca807d57edb608863db05d,S593,3
5a905f000fc1ff3df7ca807d57edb608863db05d,S594,3
5a905f000fc1ff3df7ca807d57edb608863db05d,S595,3
5a905f000fc1ff3df7ca807d57edb608863db05d,S596,3
5a905f000fc1ff3df7ca807d57edb608863db05d,S597,3
5a905f000fc1ff3df7ca807d57edb608863db05d,S598,3
5a905f000fc1ff3df7ca807d57edb608863db05d,S599,3
5a905f000fc1ff3df7ca807d57edb608863db05d,S600,3
5a905f000fc1ff3df7ca807d57edb608863db05d,S601,3
5a905f000fc1ff3df7ca807d57edb608863db05d,S602,3
5a905f000fc1ff3df7ca807d57edb608863db05d,S603,3
5a905f000fc1ff3df7ca807d57edb608863db05d,S604,3
5a905f000fc1ff3df7ca807d57edb608863db05d,S605,3
5a905f000fc1ff3df7ca807d57edb608863db05d,S606,3
5a905f000fc1ff3df7ca807d57edb608863db05d,S607,3
5a905f000fc1ff3df7ca807d57edb608863db05d,S608,3
5a905f000fc1ff3df7ca807d57edb608863db05d,S609,3
5a905f000fc1ff3df7ca807d57edb608863db05d,S610,3
5a905f000fc1ff3df7ca807d57edb608863db05d,S611,3
5a905f000fc1ff3df7ca807d57edb608863db05d,S612,3
5a905f000fc1ff3df7ca807d57edb608863db05d,S613,3
5a905f000fc1ff3df7ca807d57edb608863db05d,S614,3
5a905f000fc1ff3df7ca807d57edb608863db05d,S615,3
5a905f000fc1ff3df7ca807d57edb608863db05d,S616,2
5a905f000fc1ff3df7ca807d57edb608863db05d,S617,2
5a905f000fc1ff3df7ca807d57edb608863db05d,S618,2
5a905f000fc1ff3df7ca807d57edb608863db05d,S619,2
5a905f000fc1ff3df7ca807d57edb608863db05d,S620,2
5a905f000fc1ff3df7ca807d57edb608863db05d,S621,2
5a905f000fc1ff3df7ca807d57edb608863db05d,S622,2
5a905f000fc1ff3df7ca807d57edb608863db05d,S623,2
5a905f000fc1ff3df7ca807d57edb608863db05d,S624,2
5a905f000fc1ff3df7ca807d57edb608863db05d,S625,2
5a905f000fc1ff3df7ca807d57edb608863db05d,S626,2
5a905f000fc1ff3df7ca807d57edb608863db05d,S627,2
5a905f000fc1ff3df7ca807d57edb608863db05d,S628,2
5a905f000fc1ff3df7ca807d57edb608863db05d,S629,2
5a905f000fc1ff3df7ca807d57edb608863db05d,S630,2
5a905f000fc1ff3df7ca807d57edb608863db05d,S631,2
5a905f000fc1ff3df7ca807d57edb608863db05d,S632,2
5a905f000fc1ff3df7ca807d57edb608863db05d,S633,2
5a905f000fc1ff3df7ca807d57edb608863db05d,S634,2
5a905f000fc1ff3df7ca807d57edb608863db05d,S635,2
5a905f000fc1ff3df7ca807d57edb608863db05d,S636,2
5a905f000fc1ff3df7ca807d57edb608863db05d,S637,2
5a905f000fc1ff3df7ca807d57edb608863db05d,S638,2
5a905f000fc1ff3df7ca807d57edb608863db05d,S639,2
5a905f000fc1ff3df7ca807d57edb608863db05d,S640,2
5a905f000fc1ff3df7ca807d57edb608863db05d,S641,2
5a905f000fc1ff3df7ca807d57edb608863db05d,S642,2
5a905f000fc1ff3df7ca807d57edb608863db05d,S643,2
5a905f000fc1ff3df7ca807d57edb608863db05d,S644,2
5a905f000fc1ff3df7ca807d57edb608863db05d,S645,2
5a905f000fc1ff3df7ca807d57edb608863db05d,S646,2
5a905f000fc1ff3df7ca807d57edb608863db05d,S647,2
5a905f000fc1ff3df7ca807d57edb608863db05d,S648,2
5a905f000fc1ff3df7ca807d57edb608863db05d,S649,2
5a905f000fc1ff3df7ca807d57edb608863db05d,S650,2
5a905f000fc1ff3df7ca807d57edb608863db05d,S651,2
5a905f000fc1ff3df7ca807d57edb608863db05d,S652,2
5a905f000fc1ff3df7ca807d57edb608863db05d,S653,2
5a905f000fc1ff3df7ca807d57edb608863db05d,S654,2
5a905f000fc1ff3df7ca807d57edb608863db05d,S655,2
5a905f000fc1ff3df7ca807d57edb608863db05d,S656,2
5a905f000fc1ff3df7ca807d57edb608863db05d,S657,2
5a905f000fc1ff3df7ca807d57edb608863db05d,S658,2
5a905f000fc1ff3df7ca807d57edb608863db05d,S659,2
5a905f000fc1ff3df7ca807d57edb608863db05d,S660,2
5a905f000fc1ff3df7ca807d57edb608863db05d,S661,2
5a905f000fc1ff3df7ca807d57edb608863db05d,S662,2
5a905f000fc1ff3df7ca807d57edb608863db05d,S663,2
5a905f000fc1ff3df7ca807d57edb608863db05d,S664,2
5a905f000fc1ff3df7ca807d57edb608863db05d,S665,2
5a905f000fc1ff3df7ca807d57edb608863db05d,S666,2
5a905f000fc1ff3df7ca807d57edb608863db05d,S667,2
5a905f000fc1ff3df7ca807d57edb608863db05d,S668,2
5a905f000fc1ff3df7ca807d57edb608863db05d,S669,1
5a905f000fc1ff3df7ca807d57edb608863db05d,S670,1
5a905f000fc1ff3df7ca807d57edb608863db05d,S671,1
5a905f000fc1ff3df7ca807d57edb608863db05d,S672,1
5a905f000fc1ff3df7ca807d57edb608863db05d,S673,1
5a905f000fc1ff3df7ca807d57edb608863db05d,S674,1
5a905f000fc1ff3df7ca807d57edb608863db05d,S675,1
5a905f000fc1ff3df7ca807d57edb608863db05d,S676,1
5a905f000fc1ff3df7ca807d57edb608863db05d,S677,1
5a905f000fc1ff3df7ca807d57edb608863db05d,S678,1
5a905f000fc1ff3df7ca807d57edb608863db05d,S679,1
5a905f000fc1ff3df7ca807d57edb608863db05d,S680,1
5a905f000fc1ff3df7ca807d57edb608863db05d,S681,1
5a905f000fc1ff3df7ca807d57edb608863db05d,S682,1
5a905f000fc1ff3df7ca807d57edb608863db05d,S683,1
5a905f000fc1ff3df7ca807d57edb608863db05d,S684,1
5a905f000fc1ff3df7ca807d57edb608863db05d,S685,1
5a905f000fc1ff3df7ca807d57edb608863db05d,S686,1
5a905f000fc1ff3df7ca807d57edb608863db05d,S687,1
5a905f000fc1ff3df7ca807d57edb608863db05d,S688,1
5a905f000fc1ff3df7ca807d57edb608863db05d,S689,1
5a905f000fc1ff3df7ca807d57edb608863db05d,S690,1
5a905f000fc1ff3df7ca807d57edb608863db05d,S691,1
5a905f000fc1ff3df7ca807d57edb608863db05d,S692,1
5a905f000fc1ff3df7ca807d57edb608863db05d,S693,1
5a905f000fc1ff3df7ca807d57edb608863db05d,S694,1
5a905f000fc1ff3df7ca807d57edb608863db05d,S695,1
5a905f000fc1ff3df7ca807d57edb608863db05d,S696,1
5a905f000fc1ff3df7ca807d57edb608863db05d,S697,1
5a905f000fc1ff3df7ca807d57edb608863db05d,S698,1
5a905f000fc1ff3df7ca807d57edb608863db05d,S699,1
5a905f000fc1ff3df7ca807d57edb608863db05d,S700,1
5a905f000fc1ff3df7ca807d57edb608863db05d,S701,1
5a905f000fc1ff3df7ca807d57edb608863db05d,S702,1
5a905f000fc1ff3df7ca807d57edb608863db05d,S703,1
5a905f000fc1ff3df7ca807d57edb608863db05d,S704,1
5a905f000fc1ff3df7ca807d57edb608863db05d,S705,1
5a905f000fc1ff3df7ca807d57edb608863db05d,S706,1
5a905f000fc1ff3df7ca807d57edb608863db05d,S707,1
5a905f000fc1ff3df7ca807d57edb608863db05d,S708,1
5a905f000fc1ff3df7ca807d57edb608863db05d,S709,1
5a905f000fc1ff3df7ca807d57edb608863db05d,S710,1
5a905f000fc1ff3df7ca807d57edb608863db05d,S711,1
5a905f000fc1ff3df7ca807d57edb608863db05d,S712,1
5a905f000fc1ff3df7ca807d57edb608863db05d,S713,1
5a905f000fc1ff3df7ca807d57edb608863db05d,S714,1
5a905f000fc1ff3df7ca807d57edb608863db05d,S715,1
5a905f000fc1ff3df7ca807d57edb608863db05d,S716,1
5a905f000fc1ff3df7ca807d57edb608863db05d,S717,1
5a905f000fc1ff3df7ca807d57edb608863db05d,S718,1
5a905f000fc1ff3df7ca807d57edb608863db05d,S719,1
5a905f000fc1ff3df7ca807d57edb608863db05d,S720,1
5a905f000fc1ff3df7ca807d57edb608863db05d,S721,1
5a905f000fc1ff3df7ca807d57edb608863db05d,S722,1
5a905f000fc1ff3df7ca807d57edb608863db05d,S723,1
5a905f000fc1ff3df7ca807d57edb608863db05d,S724,1
5a905f000fc1ff3df7ca807d57edb608863db05d,S725,1
5a905f000fc1ff3df7ca807d57edb608863db05d,S726,1
5a905f000fc1ff3df7ca807d57edb608863db05d,S727,1
5a905f000fc1ff3df7ca807d57edb608863db05d,S728,1
5a905f000fc1ff3df7ca807d57edb608863db05d,S729,1
5a905f000fc1ff3df7ca807d57edb608863db05d,S730,1
5a905f000fc1ff3df7ca807d57edb608863db05d,S731,1
5a905f000fc1ff3df7ca807d57edb608863db05d,S732,1
5a905f000fc1ff3df7ca807d57edb608863db05d,S733,1
5a905f000fc1ff3df7ca807d57edb608863db05d,S734,1
5a905f000fc1ff3df7ca807d57edb608863db05d,S735,1
5a905f000fc1ff3df7ca807d57edb608863db05d,S736,1
5a905f000fc1ff3df7ca807d57edb608863db05d,S737,1
5a905f000fc1ff3df7ca807d57edb608863db05d,S738,1
5a905f000fc1ff3df7ca807d57edb608863db05d,S739,1
5a905f000fc1ff3df7ca807d57edb608863db05d,S740,1
5a905f000fc1ff3df7ca807d57edb608863db05d,S741,1
5a905f000fc1ff3df7ca807d57edb608863db05d,S742,1
5a905f000fc1ff3df7ca807d57edb608863db05d,S743,1
5a905f000fc1ff3df7ca807d57edb608863db05d,S744,1
5a905f000fc1ff3df7ca807d57edb608863db05d,S745,1
5a905f000fc1ff3df7ca807d57edb608863db05d,S746,1
5a905f000fc1ff3df7ca807d57edb608863db05d,S747,1
5a905f000fc1ff3df7ca807d57edb608863db05d,S748,1
5a905f000fc1ff3df7ca807d57edb608863db05d,S749,1
5a905f000fc1ff3df7ca807d57edb608863db05d,S750,1
5a905f000fc1ff3df7ca807d57edb608863db05d,S751,1
5a905f000fc1ff3df7ca807d57edb608863db05d,S752,1
c737ec8c1b16ce8e39115f4432c9a7fc21ec47a1,S753,1
c737ec8c1b16ce8e39115f4432c9a7fc21ec47a1,S754,1
c737ec8c1b16ce8e39115f4432c9a7fc21ec47a1,S755,1
c737ec8c1b16ce8e39115f4432c9a7fc21ec47a1,S756,1
c737ec8c1b16ce8e39115f4432c9a7fc21ec47a1,S757,1
c737ec8c1b16ce8e39115f4432c9a7fc21ec47a1,S758,1
45544491ccfcdc0b0803c34f201a6287ed4e30f8,S759,1
45544491ccfcdc0b0803c34f201a6287ed4e30f8,S760,1
45544491ccfcdc0b0803c34f201a6287ed4e30f8,S761,1
45544491ccfcdc0b0803c34f201a6287ed4e30f8,S762,1
ed7d4c476013b1c3dd91982b61494bf7436083ba,S763,1
ed7d4c476013b1c3dd91982b61494bf7436083ba,S764,1
baf47ed8da24d607e50d8684cde78b923538640f,S766,1
baf47ed8da24d607e50d8684cde78b923538640f,S767,1
baf47ed8da24d607e50d8684cde78b923538640f,S768,1
baf47ed8da24d607e50d8684cde78b923538640f,S769,1
baf47ed8da24d607e50d8684cde78b923538640f,S770,1
baf47ed8da24d607e50d8684cde78b923538640f,S771,1
baf47ed8da24d607e50d8684cde78b923538640f,S772,1
baf47ed8da24d607e50d8684cde78b923538640f,S773,1
baf47ed8da24d607e50d8684cde78b923538640f,S774,1
baf47ed8da24d607e50d8684cde78b923538640f,S775,1
baf47ed8da24d607e50d8684cde78b923538640f,S776,1
baf47ed8da24d607e50d8684cde78b923538640f,S777,1
baf47ed8da24d607e50d8684cde78b923538640f,S778,1
baf47ed8da24d607e50d8684cde78b923538640f,S779,1
baf47ed8da24d607e50d8684cde78b923538640f,S780,1
baf47ed8da24d607e50d8684cde78b923538640f,S781,1
baf47ed8da24d607e50d8684cde78b923538640f,S782,1
baf47ed8da24d607e50d8684cde78b923538640f,S783,1
baf47ed8da24d607e50d8684cde78b923538640f,S784,1
baf47ed8da24d607e50d8684cde78b923538640f,S785,1
baf47ed8da24d607e50d8684cde78b923538640f,S786,1
baf47ed8da24d607e50d8684cde78b923538640f,S787,1
baf47ed8da24d607e50d8684cde78b923538640f,S788,1
baf47ed8da24d607e50d8684cde78b923538640f,S789,1
baf47ed8da24d607e50d8684cde78b923538640f,S790,1
baf47ed8da24d607e50d8684cde78b923538640f,S791,1
baf47ed8da24d607e50d8684cde78b923538640f,S792,1
baf47ed8da24d607e50d8684cde78b923538640f,S793,1
baf47ed8da24d607e50d8684cde78b923538640f,S794,1
baf47ed8da24d607e50d8684cde78b923538640f,S795,1
baf47ed8da24d607e50d8684cde78b923538640f,S796,1
baf47ed8da24d607e50d8684cde78b923538640f,S797,1
baf47ed8da24d607e50d8684cde78b923538640f,S798,1
baf47ed8da24d607e50d8684cde78b923538640f,S799,1
baf47ed8da24d607e50d8684cde78b923538640f,S800,1
baf47ed8da24d607e50d8684cde78b923538640f,S801,1
baf47ed8da24d607e50d8684cde78b923538640f,S802,1
baf47ed8da24d607e50d8684cde78b923538640f,S803,1
baf47ed8da24d607e50d8684cde78b923538640f,S804,1
baf47ed8da24d607e50d8684cde78b923538640f,S805,1
baf47ed8da24d607e50d8684cde78b923538640f,S806,1
baf47ed8da24d607e50d8684cde78b923538640f,S807,1
baf47ed8da24d607e50d8684cde78b923538640f,S808,1
baf47ed8da24d607e50d8684cde78b923538640f,S809,1
baf47ed8da24d607e50d8684cde78b923538640f,S810,1
baf47ed8da24d607e50d8684cde78b923538640f,S811,1
baf47ed8da24d607e50d8684cde78b923538640f,S812,1
baf47ed8da24d607e50d8684cde78b923538640f,S813,1
baf47ed8da24d607e50d8684cde78b923538640f,S814,1
baf47ed8da24d607e50d8684cde78b923538640f,S815,1
baf47ed8da24d607e50d8684cde78b923538640f,S816,1
baf47ed8da24d607e50d8684cde78b923538640f,S817,1
baf47ed8da24d607e50d8684cde78b923538640f,S818,1
baf47ed8da24d607e50d8684cde78b923538640f,S819,1
baf47ed8da24d607e50d8684cde78b923538640f,S820,1
baf47ed8da24d607e50d8684cde78b923538640f,S821,1
baf47ed8da24d607e50d8684cde78b923538640f,S822,1
baf47ed8da24d607e50d8684cde78b923538640f,S823,1
baf47ed8da24d607e50d8684cde78b923538640f,S824,1
baf47ed8da24d607e50d8684cde78b923538640f,S825,1
baf47ed8da24d607e50d8684cde78b923538640f,S826,1
baf47ed8da24d607e50d8684cde78b923538640f,S827,1
baf47ed8da24d607e50d8684cde78b923538640f,S828,1
baf47ed8da24d607e50d8684cde78b923538640f,S829,1
baf47ed8da24d607e50d8684cde78b923538640f,S830,1
baf47ed8da24d607e50d8684cde78b923538640f,S831,1
baf47ed8da24d607e50d8684cde78b923538640f,S832,1
baf47ed8da24d607e50d8684cde78b923538640f,S833,1
baf47ed8da24d607e50d8684cde78b923538640f,S834,1
baf47ed8da24d607e50d8684cde78b923538640f,S835,1
baf47ed8da24d607e50d8684cde78b923538640f,S836,1
baf47ed8da24d607e50d8684cde78b923538640f,S837,1
baf47ed8da24d607e50d8684cde78b923538640f,S838,1
baf47ed8da24d607e50d8684cde78b923538640f,S839,1
baf47ed8da24d607e50d8684cde78b923538640f,S840,1
baf47ed8da24d607e50d8684cde78b923538640f,S841,1
baf47ed8da24d607e50d8684cde78b923538640f,S842,1
baf47ed8da24d607e50d8684cde78b923538640f,S843,1
baf47ed8da24d607e50d8684cde78b923538640f,S844,1
baf47ed8da24d607e50d8684cde78b923538640f,S845,1
baf47ed8da24d607e50d8684cde78b923538640f,S846,1
baf47ed8da24d607e50d8684cde78b923538640f,S847,1
baf47ed8da24d607e50d8684cde78b923538640f,S848,1
baf47ed8da24d607e50d8684cde78b923538640f,S849,1
baf47ed8da24d607e50d8684cde78b923538640f,S850,1
baf47ed8da24d607e50d8684cde78b923538640f,S851,1
baf47ed8da24d607e50d8684cde78b923538640f,S852,1
baf47ed8da24d607e50d8684cde78b923538640f,S853,1
baf47ed8da24d607e50d8684cde78b923538640f,S854,1
baf47ed8da24d607e50d8684cde78b923538640f,S855,1
baf47ed8da24d607e50d8684cde78b923538640f,S856,1
baf47ed8da24d607e50d8684cde78b923538640f,S857,1
baf47ed8da24d607e50d8684cde78b923538640f,S858,1
baf47ed8da24d607e50d8684cde78b923538640f,S859,1
baf47ed8da24d607e50d8684cde78b923538640f,S861,1
baf47ed8da24d607e50d8684cde78b923538640f,S862,1
baf47ed8da24d607e50d8684cde78b923538640f,S863,1
baf47ed8da24d607e50d8684cde78b923538640f,S864,1
169f9f4c68b62d1887c7c0ac99d10a79cfca5daf,S865,1
169f9f4c68b62d1887c7c0ac99d10a79cfca5daf,S866,1
169f9f4c68b62d1887c7c0ac99d10a79cfca5daf,S867,1
169f9f4c68b62d1887c7c0ac99d10a79cfca5daf,S868,1
169f9f4c68b62d1887c7c0ac99d10a79cfca5daf,S869,1
169f9f4c68b62d1887c7c0ac99d10a79cfca5daf,S870,1
169f9f4c68b62d1887c7c0ac99d10a79cfca5daf,S871,1
169f9f4c68b62d1887c7c0ac99d10a79cfca5daf,S872,1
169f9f4c68b62d1887c7c0ac99d10a79cfca5daf,S873,1
169f9f4c68b62d1887c7c0ac99d10a79cfca5daf,S874,1
169f9f4c68b62d1887c7c0ac99d10a79cfca5daf,S875,1
169f9f4c68b62d1887c7c0ac99d10a79cfca5daf,S876,1
169f9f4c68b62d1887c7c0ac99d10a79cfca5daf,S877,1
169f9f4c68b62d1887c7c0ac99d10a79cfca5daf,S878,1
169f9f4c68b62d1887c7c0ac99d10a79cfca5daf,S879,1
169f9f4c68b62d1887c7c0ac99d10a79cfca5daf,S880,1
169f9f4c68b62d1887c7c0ac99d10a79cfca5daf,S881,1
169f9f4c68b62d1887c7c0ac99d10a79cfca5daf,S882,1
169f9f4c68b62d1887c7c0ac99d10a79cfca5daf,S883,1
169f9f4c68b62d1887c7c0ac99d10a79cfca5daf,S884,1
169f9f4c68b62d1887c7c0ac99d10a79cfca5daf,S885,1
169f9f4c68b62d1887c7c0ac99d10a79cfca5daf,S886,1
169f9f4c68b62d1887c7c0ac99d10a79cfca5daf,S887,1
169f9f4c68b62d1887c7c0ac99d10a79cfca5daf,S888,1
169f9f4c68b62d1887c7c0ac99d10a79cfca5daf,S889,1
169f9f4c68b62d1887c7c0ac99d10a79cfca5daf,S890,1
169f9f4c68b62d1887c7c0ac99d10a79cfca5daf,S891,1
169f9f4c68b62d1887c7c0ac99d10a79cfca5daf,S892,1
169f9f4c68b62d1887c7c0ac99d10a79cfca5daf,S893,1
169f9f4c68b62d1887c7c0ac99d10a79cfca5daf,S894,1
169f9f4c68b62d1887c7c0ac99d10a79cfca5daf,S895,1
169f9f4c68b62d1887c7c0ac99d10a79cfca5daf,S896,1
a820d2d4f16bbd53be9e41e0417dfb234bfdfba8,S897,1
a820d2d4f16bbd53be9e41e0417dfb234bfdfba8,S898,1
a820d2d4f16bbd53be9e41e0417dfb234bfdfba8,S899,1
a820d2d4f16bbd53be9e41e0417dfb234bfdfba8,S900,1
a820d2d4f16bbd53be9e41e0417dfb234bfdfba8,S901,1
a820d2d4f16bbd53be9e41e0417dfb234bfdfba8,S902,1
bd8475385f0aa78830fa6dfce9e7242164b035c8,S903,1
bd8475385f0aa78830fa6dfce9e7242164b035c8,S904,1
bd8475385f0aa78830fa6dfce9e7242164b035c8,S905,1
bd8475385f0aa78830fa6dfce9e7242164b035c8,S906,1
bd8475385f0aa78830fa6dfce9e7242164b035c8,S907,1
bd8475385f0aa78830fa6dfce9e7242164b035c8,S908,1
bd8475385f0aa78830fa6dfce9e7242164b035c8,S909,1
bd8475385f0aa78830fa6dfce9e7242164b035c8,S910,1
bd8475385f0aa78830fa6dfce9e7242164b035c8,S911,1
bd8475385f0aa78830fa6dfce9e7242164b035c8,S912,1
bd8475385f0aa78830fa6dfce9e7242164b035c8,S913,1
bd8475385f0aa78830fa6dfce9e7242164b035c8,S914,1
bd8475385f0aa78830fa6dfce9e7242164b035c8,S915,1
bd8475385f0aa78830fa6dfce9e7242164b035c8,S916,1
bd8475385f0aa78830fa6dfce9e7242164b035c8,S917,1
bd8475385f0aa78830fa6dfce9e7242164b035c8,S918,1
bd8475385f0aa78830fa6dfce9e7242164b035c8,S919,1
bd8475385f0aa78830fa6dfce9e7242164b035c8,S920,1
bd8475385f0aa78830fa6dfce9e7242164b035c8,S921,1
bd8475385f0aa78830fa6dfce9e7242164b035c8,S922,1
bd8475385f0aa78830fa6dfce9e7242164b035c8,S923,1
bd8475385f0aa78830fa6dfce9e7242164b035c8,S924,1
bd8475385f0aa78830fa6dfce9e7242164b035c8,S925,1
bd8475385f0aa78830fa6dfce9e7242164b035c8,S926,1
bd8475385f0aa78830fa6dfce9e7242164b035c8,S927,1
bd8475385f0aa78830fa6dfce9e7242164b035c8,S928,124
bd8475385f0aa78830fa6dfce9e7242164b035c8,S929,61
bd8475385f0aa78830fa6dfce9e7242164b035c8,S930,38
bd8475385f0aa78830fa6dfce9e7242164b035c8,S931,36
bd8475385f0aa78830fa6dfce9e7242164b035c8,S932,25
bd8475385f0aa78830fa6dfce9e7242164b035c8,S933,22
bd8475385f0aa78830fa6dfce9e7242164b035c8,S934,21
bd8475385f0aa78830fa6dfce9e7242164b035c8,S935,20
bd8475385f0aa78830fa6dfce9e7242164b035c8,S936,20
bd8475385f0aa78830fa6dfce9e7242164b035c8,S937,20
bd8475385f0aa78830fa6dfce9e7242164b035c8,S938,19
bd8475385f0aa78830fa6dfce9e7242164b035c8,S939,18
bd8475385f0aa78830fa6dfce9e7242164b035c8,S940,17
bd8475385f0aa78830fa6dfce9e7242164b035c8,S941,15
bd8475385f0aa78830fa6dfce9e7242164b035c8,S942,14
bd8475385f0aa78830fa6dfce9e7242164b035c8,S943,14
bd8475385f0aa78830fa6dfce9e7242164b035c8,S944,13
bd8475385f0aa78830fa6dfce9e7242164b035c8,S945,13
bd8475385f0aa78830fa6dfce9e7242164b035c8,S946,12
bd8475385f0aa78830fa6dfce9e7242164b035c8,S947,11
bd8475385f0aa78830fa6dfce9e7242164b035c8,S948,10
bd8475385f0aa78830fa6dfce9e7242164b035c8,S949,9
bd8475385f0aa78830fa6dfce9e7242164b035c8,S950,9
bd8475385f0aa78830fa6dfce9e7242164b035c8,S951,9
bd8475385f0aa78830fa6dfce9e7242164b035c8,S952,9
bd8475385f0aa78830fa6dfce9e7242164b035c8,S953,9
bd8475385f0aa78830fa6dfce9e7242164b035c8,S954,8
bd8475385f0aa78830fa6dfce9e7242164b035c8,S955,8
bd8475385f0aa78830fa6dfce9e7242164b035c8,S956,8
bd8475385f0aa78830fa6dfce9e7242164b035c8,S957,8
bd8475385f0aa78830fa6dfce9e7242164b035c8,S958,7
bd8475385f0aa78830fa6dfce9e7242164b035c8,S959,7
bd8475385f0aa78830fa6dfce9e7242164b035c8,S960,7
bd8475385f0aa78830fa6dfce9e7242164b035c8,S961,7
bd8475385f0aa78830fa6dfce9e7242164b035c8,S962,7
bd8475385f0aa78830fa6dfce9e7242164b035c8,S963,7
bd8475385f0aa78830fa6dfce9e7242164b035c8,S964,7
bd8475385f0aa78830fa6dfce9e7242164b035c8,S965,7
bd8475385f0aa78830fa6dfce9e7242164b035c8,S966,6
bd8475385f0aa78830fa6dfce9e7242164b035c8,S967,6
bd8475385f0aa78830fa6dfce9e7242164b035c8,S968,6
bd8475385f0aa78830fa6dfce9e7242164b035c8,S969,6
bd8475385f0aa78830fa6dfce9e7242164b035c8,S970,6
bd8475385f0aa78830fa6dfce9e7242164b035c8,S971,6
bd8475385f0aa78830fa6dfce9e7242164b035c8,S972,6
bd8475385f0aa78830fa6dfce9e7242164b035c8,S973,5
bd8475385f0aa78830fa6dfce9e7242164b035c8,S974,5
bd8475385f0aa78830fa6dfce9e7242164b035c8,S975,5
bd8475385f0aa78830fa6dfce9e7242164b035c8,S976,5
bd8475385f0aa78830fa6dfce9e7242164b035c8,S977,5
bd8475385f0aa78830fa6dfce9e7242164b035c8,S978,4
bd8475385f0aa78830fa6dfce9e7242164b035c8,S979,4
bd8475385f0aa78830fa6dfce9e7242164b035c8,S980,4
bd8475385f0aa78830fa6dfce9e7242164b035c8,S981,4
bd8475385f0aa78830fa6dfce9e7242164b035c8,S982,4
bd8475385f0aa78830fa6dfce9e7242164b035c8,S983,4
bd8475385f0aa78830fa6dfce9e7242164b035c8,S984,4
bd8475385f0aa78830fa6dfce9e7242164b035c8,S985,3
bd8475385f0aa78830fa6dfce9e7242164b035c8,S986,3
bd8475385f0aa78830fa6dfce9e7242164b035c8,S987,3
bd8475385f0aa78830fa6dfce9e7242164b035c8,S988,3
bd8475385f0aa78830fa6dfce9e7242164b035c8,S989,3
bd8475385f0aa78830fa6dfce9e7242164b035c8,S990,3
bd8475385f0aa78830fa6dfce9e7242164b035c8,S991,3
bd8475385f0aa78830fa6dfce9e7242164b035c8,S992,3
bd8475385f0aa78830fa6dfce9e7242164b035c8,S993,3
bd8475385f0aa78830fa6dfce9e7242164b035c8,S994,3
bd8475385f0aa78830fa6dfce9e7242164b035c8,S995,3
bd8475385f0aa78830fa6dfce9e7242164b035c8,S996,3
bd8475385f0aa78830fa6dfce9e7242164b035c8,S997,3
bd8475385f0aa78830fa6dfce9e7242164b035c8,S998,3
bd8475385f0aa78830fa6dfce9e7242164b035c8,S999,3
bd8475385f0aa78830fa6dfce9e7242164b035c8,S1000,3
bd8475385f0aa78830fa6dfce9e7242164b035c8,S1001,2
bd8475385f0aa78830fa6dfce9e7242164b035c8,S1002,2
bd8475385f0aa78830fa6dfce9e7242164b035c8,S1003,2
bd8475385f0aa78830fa6dfce9e7242164b035c8,S1004,2
bd8475385f0aa78830fa6dfce9e7242164b035c8,S1005,2
bd8475385f0aa78830fa6dfce9e7242164b035c8,S1006,2
bd8475385f0aa78830fa6dfce9e7242164b035c8,S1007,2
bd8475385f0aa78830fa6dfce9e7242164b035c8,S1008,2
bd8475385f0aa78830fa6dfce9e7242164b035c8,S1009,2
bd8475385f0aa78830fa6dfce9e7242164b035c8,S1010,2
bd8475385f0aa78830fa6dfce9e7242164b035c8,S1011,2
bd8475385f0aa78830fa6dfce9e7242164b035c8,S1012,2
bd8475385f0aa78830fa6dfce9e7242164b035c8,S1013,2
bd8475385f0aa78830fa6dfce9e7242164b035c8,S1014,2
bd8475385f0aa78830fa6dfce9e7242164b035c8,S1015,2
bd8475385f0aa78830fa6dfce9e7242164b035c8,S1016,2
bd8475385f0aa78830fa6dfce9e7242164b035c8,S1017,2
bd8475385f0aa78830fa6dfce9e7242164b035c8,S1018,2
bd8475385f0aa78830fa6dfce9e7242164b035c8,S1019,2
bd8475385f0aa78830fa6dfce9e7242164b035c8,S1020,2
0afaa5d9d04bf85af720fe8cc566a41ca3e41c97,S1021,2
0afaa5d9d04bf85af720fe8cc566a41ca3e41c97,S1022,2
0afaa5d9d04bf85af720fe8cc566a41ca3e41c97,S1023,2
0afaa5d9d04bf85af720fe8cc566a41ca3e41c97,S1024,2
0afaa5d9d04bf85af720fe8cc566a41ca3e41c97,S1025,2
0afaa5d9d04bf85af720fe8cc566a41ca3e41c97,S1026,2
0afaa5d9d04bf85af720fe8cc566a41ca3e41c97,S1027,2
0afaa5d9d04bf85af720fe8cc566a41ca3e41c97,S1028,2
0afaa5d9d04bf85af720fe8cc566a41ca3e41c97,S1029,2
0afaa5d9d04bf85af720fe8cc566a41ca3e41c97,S1030,2
0afaa5d9d04bf85af720fe8cc566a41ca3e41c97,S1031,1
0afaa5d9d04bf85af720fe8cc566a41ca3e41c97,S1032,1
0afaa5d9d04bf85af720fe8cc566a41ca3e41c97,S1033,1
0afaa5d9d04bf85af720fe8cc566a41ca3e41c97,S1034,1
0afaa5d9d04bf85af720fe8cc566a41ca3e41c97,S1035,1
0afaa5d9d04bf85af720fe8cc566a41ca3e41c97,S1036,1
0afaa5d9d04bf85af720fe8cc566a41ca3e41c97,S1037,1
0afaa5d9d04bf85af720fe8cc566a41ca3e41c97,S1038,1
0afaa5d9d04bf85af720fe8cc566a41ca3e41c97,S1039,1
0afaa5d9d04bf85af720fe8cc566a41ca3e41c97,S1040,1
81bde1c3a845c64f1677bd9d28f2da85dfefcf30,S1041,1
81bde1c3a845c64f1677bd9d28f2da85dfefcf30,S1042,1
81bde1c3a845c64f1677bd9d28f2da85dfefcf30,S1043,1
403b3b867fc71dfdcc12652f30e88bdc7ccd9aa4,S1044,1
403b3b867fc71dfdcc12652f30e88bdc7ccd9aa4,S1045,1
403b3b867fc71dfdcc12652f30e88bdc7ccd9aa4,S1046,1
403b3b867fc71dfdcc12652f30e88bdc7ccd9aa4,S1047,1
403b3b867fc71dfdcc12652f30e88bdc7ccd9aa4,S1048,1
403b3b867fc71dfdcc12652f30e88bdc7ccd9aa4,S1049,1
403b3b867fc71dfdcc12652f30e88bdc7ccd9aa4,S1050,1
403b3b867fc71dfdcc12652f30e88bdc7ccd9aa4,S1051,1
403b3b867fc71dfdcc12652f30e88bdc7ccd9aa4,S1052,1
403b3b867fc71dfdcc12652f30e88bdc7ccd9aa4,S1053,1
403b3b867fc71dfdcc12652f30e88bdc7ccd9aa4,S1054,1
403b3b867fc71dfdcc12652f30e88bdc7ccd9aa4,S1055,1
403b3b867fc71dfdcc12652f30e88bdc7ccd9aa4,S1056,1
403b3b867fc71dfdcc12652f30e88bdc7ccd9aa4,S1057,1
403b3b867fc71dfdcc12652f30e88bdc7ccd9aa4,S1058,1
f84f5b5a5c5d1d9fb4866f6488e0d2661b54c192,S1059,1
f84f5b5a5c5d1d9fb4866f6488e0d2661b54c192,S1060,1
f84f5b5a5c5d1d9fb4866f6488e0d2661b54c192,S1061,1
f84f5b5a5c5d1d9fb4866f6488e0d2661b54c192,S1062,1
f84f5b5a5c5d1d9fb4866f6488e0d2661b54c192,S1063,1
f84f5b5a5c5d1d9fb4866f6488e0d2661b54c192,S1064,1
f84f5b5a5c5d1d9fb4866f6488e0d2661b54c192,S1065,1
f84f5b5a5c5d1d9fb4866f6488e0d2661b54c192,S1066,1
f84f5b5a5c5d1d9fb4866f6488e0d2661b54c192,S1067,1
f84f5b5a5c5d1d9fb4866f6488e0d2661b54c192,S1068,1
f84f5b5a5c5d1d9fb4866f6488e0d2661b54c192,S1069,1
f84f5b5a5c5d1d9fb4866f6488e0d2661b54c192,S1070,1
f84f5b5a5c5d1d9fb4866f6488e0d2661b54c192,S1071,1
f84f5b5a5c5d1d9fb4866f6488e0d2661b54c192,S1073,1
f84f5b5a5c5d1d9fb4866f6488e0d2661b54c192,S1074,1
f84f5b5a5c5d1d9fb4866f6488e0d2661b54c192,S1075,1
f84f5b5a5c5d1d9fb4866f6488e0d2661b54c192,S1076,1
f84f5b5a5c5d1d9fb4866f6488e0d2661b54c192,S1077,1
f84f5b5a5c5d1d9fb4866f6488e0d2661b54c192,S1078,1
f84f5b5a5c5d1d9fb4866f6488e0d2661b54c192,S1079,1
f84f5b5a5c5d1d9fb4866f6488e0d2661b54c192,S1080,1
a1380d458c15706b9d5282304db81a5a78352e96,S1081,1
a1380d458c15706b9d5282304db81a5a78352e96,S1082,1
a1380d458c15706b9d5282304db81a5a78352e96,S1083,1
a1380d458c15706b9d5282304db81a5a78352e96,S1084,2
a1380d458c15706b9d5282304db81a5a78352e96,S1085,3
a1380d458c15706b9d5282304db81a5a78352e96,S1086,4
a1380d458c15706b9d5282304db81a5a78352e96,S1087,5
a1380d458c15706b9d5282304db81a5a78352e96,S1088,6
a1380d458c15706b9d5282304db81a5a78352e96,S1089,7
405d396ea64d75b5eaefaaf8ac836f45fa56af4d,S1090,8
405d396ea64d75b5eaefaaf8ac836f45fa56af4d,S1091,9
405d396ea64d75b5eaefaaf8ac836f45fa56af4d,S1092,10
405d396ea64d75b5eaefaaf8ac836f45fa56af4d,S1093,11
